1,nombre,apellido,apodo,numeroTelefono,correo,direccion,11/2/2020
1,nombre,apellido,apodo,numeroTelefono,correo,direccion,11/2/2020
1,nombre,apellido,apodo,numeroTelefono,correo,direccion,11/2/2020
1,nombre,apellido,apodo,numeroTelefono,correo,direccion,11/2/2020
1,nombre,apellido,apodo,numeroTelefono,correo,direccion,11/2/2020
1,nombre,apellido,apodo,numeroTelefono,correo,direccion,11/2/2020
1,nombre,apellido,apodo,numeroTelefono,correo,direccion,11/2/2020
1,nombre,apellido,apodo,numeroTelefono,correo,direccion,11/2/2020
1,nombre,apellido,apodo,numeroTelefono,correo,direccion,11/2/2020
2,nombre,apellido,apodo,numeroTelefono,correo,direccion,11/2/2020
3,nombre,apellido,apodo,numeroTelefono,correo,direccion,11/2/2020
